respondent_id,field,text,language_guess,code_1,code_2,code_3
687582076,fam_structure_other,yo y mi hija,mixed/other,,,
698703096,fam_structure_other,Hijæs.,en,,,
702658111,fam_structure_other,Hijx,en,,,
693824399,fam_structure_other,Hijo,en,,,
681285710,fam_structure_other,Hermano,en,,,
682732124,fam_structure_other,En apartamento aparte de mis padres,es,,,
682709107,fam_structure_other,Hijo,en,,,
707129915,fam_structure_other,Hijo,en,,,
681102447,protocol_prep,"Preparar una intención para su experiencia. Comer lo más ligero posible en los días previos a la ceremonia. Bajo en grasa y carnes, mayor fibra, vegetales, viandas",es,,,
702658111,protocol_prep,"Alimentación limpia previa a la seremonia 2 semanas antes eliminar ciertos alimentos y bebidas, intencioar con escritura",es,,,
719732716,protocol_prep,"Mental, espiritual, dieta, fisico",mixed/other,,,
722959539,protocol_prep,"Dieta, información de medicamentos e historial familiar i personal de condiciones o diagnósticos de salud mental:",es,,,
679242456,protocol_prep,Comienza días antes con entrevista y instrucciones.,es,,,
711269193,protocol_prep,Durante la semana que se medicara recomiendo evitar mal ratos y ver series o peliculas overwhelming. Llevar lo necesario para estar comodo y sentirse en paz.,es,,,
679242456,protocol_other,Dejar que se exprese su proceso sin interrumpir mientras se observa cuidadosamente pendiente a cualquier síntoma adverso.,es,,,
681102447,tech_pos_exp,"Realizar una meditación dirigida en el periodo que tarda el “onset” de la medicina. Crear un ambiente cómodo y contenido, donde llegamos al lugar un día antes y preparamos mentalmente al grupo. Luego nos quedamos hasta el día siguiente de la ceremonia para una primera sesión de integración.",es,,,
702658111,tech_pos_exp,"Mindfulness practices, journaling, soundhealing, healthy snacks and drinks",en,,,
719732716,tech_pos_exp,"Lugar, preparar espacio, connector con cada individuo, limpieza energética, apoyo emocional, crear confianza y espacio segura, educarlos.",es,,,
722959539,tech_pos_exp,"Música ( playlist John Hopkins) , contenido previo de información sobre la sustancia, frases o mantras claves para navegar procesos difíciles durante el trip, mucho mas",es,,,
679221723,tech_pos_exp,"Musica, instrumentos",en,,,
679242456,tech_pos_exp,"No se debe inducir a brindar experiencias positivas ni negativas, cada uno le toca vivir lo que le corresponde de acuerdo a su condición psíquica subconsciente y de alma.",es,,,
711269193,tech_pos_exp,"Ambiente em contacto con la naturaleza, cobijas para rescostarse, musica calmante e inspiracional, meriendas y espacio para expresarse",es,,,
719732716,dosis_choice_other,Depende la medicina,es,,,
679242456,dosis_choice_other,Todas las anteriores,es,,,
679242456,safe_ceremony_other,Todas las anteriores,es,,,
679242456,exp_crisis_other,Todas las anteriores,es,,,
681102447,barriers,Garantizar una procedencia fiable de materia enteogenica,es,,,
719732716,barriers,Des construir las ideas de que la medicina es todo malo,es,,,
722959539,barriers,Le legalidad,es,,,
679221723,barriers,Ninguna,en,,,
679242456,barriers,Imposibilidad de contratar espacios ceremoniales ideales.,es,,,
711269193,barriers,"Falta de informacion, espacios seguros y sin publico, reqccion individual a la dosis",es,,,
681102447,imp_factors,"Una intención bien fijada, mentalidad de estar en preparación los días previos, saber crear un espacio de confianza con la persona participante donde se sienta en total seguridad tanto del espacio físico como del acompañamiento que se le proveerá",es,,,
719732716,imp_factors,Aceptar la posibilidad de que puedes salir con una perspectiva bien diferente,es,,,
722959539,imp_factors,Set y setting,es,,,
679221723,imp_factors,Aperture de corazon,es,,,
679242456,imp_factors,"Preparación, actitud amorosa y compasiva por el facilitador durante la ceremonia, integración",es,,,
711269193,imp_factors,"Preparacion de mi parte y el participante, ambientacion,",es,,,
696648940,reason_part_cer_other,Alguien me preguntó si podía acompañar y yo dije que sí.,es,,,
682746009,otro,Preparación espiritual,es,,,
704642720,org_type_part_other,Yoga Studio and community,en,,,
698703096,last_ceremony_place_other,"Un lugar privado, en un entorno natural. Fogata en el exterior.",es,,,
704642720,screening_quest_type,If I had ever taken psychedelics or mushrooms before.,en,,,
679209699,screening_quest_type,"Preguntas sobre salud mental, emocional. Intención, seguridad, etc.",es,,,
679214497,screening_quest_type,Si tomaba algún medicamento o si tenía alguna condición de salir física y/o mental.,es,,,
679235893,screening_quest_type,"Desde la primera experiencia hubo una entrevista sobre por qué me interesaba la ceremonia, si utilizaba medicamentos y qué objetivos tenía con hacer la ceremonia.",es,,,
679375429,screening_quest_type,"Recibe algún tratamiento médico?, Salud Mental?",es,,,
680445687,screening_quest_type,breve discusión de condiciones medicas de salud,es,,,
686260296,screening_quest_type,Estas listo para la toma? Me preparó  tipo orienctación sobre el ayaguasca,es,,,
689320856,screening_quest_type,Sobre la preparación y sobre lo que quiero sanar,es,,,
689896520,screening_quest_type,Te gustaría participar en una ceremonia trascendental?,es,,,
691142966,screening_quest_type,Como te sientes. Deseas hablar. Estoy aqui para ti.,es,,,
691243333,screening_quest_type,Uso de drogas o enteogenos previos y generales para conocerme.,es,,,
691283377,screening_quest_type,"Padecimientos previos, medicamentos diarios",es,,,
693987544,screening_quest_type,Que si necesitaba algo especial o específico para sentirme cómodx,es,,,
694829098,screening_quest_type,Condiciones mentales de salud en general. Medicamentos,es,,,
702242349,screening_quest_type,Fueron muchas en una conversacion privada,es,,,
705936933,screening_quest_type,"Si había hecho la dieta, si estaba seguro que la quería hacer. Si había tomado algún medicamento. Etc",es,,,
708274628,screening_quest_type,Ya conocía al facilitador.,es,,,
716420979,screening_quest_type,Cómo te has sentido en la pasada semana? Has tenido problemas en tu vida?,es,,,
718252993,screening_quest_type,"Historial de medicamentos, salud física y mental",es,,,
679350122,screening_quest_type,Prior psychedelic Experiences and mental and physical health,en,,,
679409818,screening_quest_type,Preguntas sobre el salud tanto mental pero también físico,es,,,
680221795,screening_quest_type,"Medicamentos, tratamientos",en,,,
680428180,screening_quest_type,"Tuve que completar un cuestionario sobre mi historial medica y psicologica, ademas que era mi intention para la ceremonia",es,,,
682294670,screening_quest_type,Da salud fisica y mental,es,,,
682318571,screening_quest_type,Sobre condiciones médicas,es,,,
682980792,screening_quest_type,"Intencion, Experiencia previa, dieta previa y terapia de frecuencias antes de",es,,,
686049755,screening_quest_type,me pregunto si en algún momento has participado y tuve una experiencia negativa,es,,,
698703096,screening_quest_type,"Sobre mi intención con la medicina, mi salud psicológica, emocional, espiritual y física. Sobre medicamentos que estuviese tomando y sobre autocuidado. Entre otras.",es,,,
679395342,screening_quest_type,No podia estar en SSRIS.,es,,,
680323990,screening_quest_type,Si era mi primera toma,mixed/other,,,
688433316,screening_quest_type,Me hizo una consulta con preguntas psicológicas. Tipo evaluación.,es,,,
722959539,screening_quest_type,"Historial de salud mental, experiencia con sustancias, situaciones emocionales actuales, condiciones de salud",es,,,
712619900,screening_quest_type,Una entrevista con varias preguntas pero sobre todo el para qué quería tener la experiencia,es,,,
682732124,screening_quest_type,"Nunca es obligado el quedarse, aquellos que sintieran el no pasar por ella tenian derecho a no hacerla. Pero siempre se quedan",es,,,
687142797,screening_quest_type,"Estado emocional, proposito de participar, le conteste por eventos cosmicos y liberacion social y interior del dia a dia",es,,,
679248530,screening_quest_type,Plant medicine experience. Medications. Beliefs.  Intentions,en,,,
681995591,screening_quest_type,Medicamentos,en,,,
682709107,screening_quest_type,Cuestionario,en,,,
679235893,drugs_used_part_other,Kambo,en,,,
680045633,drugs_used_part_other,Cannabis,en,,,
687417213,drugs_used_part_other,Peyote (mescalina),en,,,
687582076,motive_type_other,recreativo,en,,,
687417213,motive_type_other,sintonización espiritual energetica,es,,,
682732124,motive_type_other,"De la 1 a la 3, crecimiento, sanación y exploración",es,,,
679209699,prep_guidance_desc,Dieta,en,,,
679214497,prep_guidance_desc,"Dieta, no consumir cafeína ni alcohol.",mixed/other,,,
679235893,prep_guidance_desc,"No tomar psicoactivos como café o alcohol, comer más frutas y vegetales, no tener relaciones sexuales.",es,,,
679375429,prep_guidance_desc,"Alimentación, abstinencia, intención",es,,,
679426014,prep_guidance_desc,Comer liviano antes.,es,,,
680445687,prep_guidance_desc,"dieta, abstinencia, meditación",es,,,
682746009,prep_guidance_desc,"Meditación, ayuno, etc",es,,,
689320856,prep_guidance_desc,"Ayuno, no comer carne y meditacion",es,,,
689896520,prep_guidance_desc,"Destoxicación, ayuno y preparcion física y mental.",es,,,
691142966,prep_guidance_desc,"hidratarse, comida liviana, no cafeina ni alcohol",mixed/other,,,
691243333,prep_guidance_desc,"Alimentación liviana, meditación, estar en calma",es,,,
691283377,prep_guidance_desc,"Ayuno. Evitar carnes, alcohol o algún tipo de droga una semana antes de la ceremonia.",es,,,
694829098,prep_guidance_desc,"Dieta adecuada, hidratación, abstinencia sexual, consumir material audiovisual positivo,",es,,,
696648940,prep_guidance_desc,No comer nada animal desde días antes y nada de comida el día de la ceremonia,es,,,
702242349,prep_guidance_desc,Mas bien auto cuidado dieta y demas,es,,,
705936933,prep_guidance_desc,Dieta,en,,,
708274628,prep_guidance_desc,"Dieta, intención,",es,,,
715236021,prep_guidance_desc,Dejarte llevar,en,,,
716420979,prep_guidance_desc,No estar en depression/mal humor consumir cannabis.,mixed/other,,,
717022748,prep_guidance_desc,Dieta saludable y ayuno intermitente,es,,,
718252993,prep_guidance_desc,Dieta,en,,,
679350122,prep_guidance_desc,"Dieta, abstinence from sex drugs alchohol, media",en,,,
680197886,prep_guidance_desc,Meditación y encontrar propósito de sanación,es,,,
680221795,prep_guidance_desc,Dieta,en,,,
681102447,prep_guidance_desc,"Seguir una alimentación balanceada y restringir el consumo de alcohol, tabaco, azúcar y otras sustancias",es,,,
682294670,prep_guidance_desc,"Alimentación, ropa, higiene etc",es,,,
682318571,prep_guidance_desc,"Dieta, detox y meditación",es,,,
682980792,prep_guidance_desc,"Dietas, intencionar, terapia de frecuencias entas de dormir",es,,,
686049755,prep_guidance_desc,"dieta, evitar sexo, meditar , preparar su intención",es,,,
692249548,prep_guidance_desc,Descansar y no consumir nada,es,,,
698703096,prep_guidance_desc,"Mantener conciencia de lo que estaba consumiendo, tanto dieta como música, TV, redes, otras medicinas etc. Hacer journaling enfocarme en mi intención.",es,,,
705487652,prep_guidance_desc,"Dieta, tiempo en la naturaleza",es,,,
710247668,prep_guidance_desc,"Ayuno, vegano por una semana detox",es,,,
679395342,prep_guidance_desc,Alimentacion y no tener intimidad.,es,,,
680323990,prep_guidance_desc,dieta y distanciMIENTO,es,,,
681454197,prep_guidance_desc,"Dieta, meditacion, conexion con la naturaleza, yoga, journaling, intencion",es,,,
688433316,prep_guidance_desc,"Comer bien, no tomar acciones de lujuria, estar en tiempo de reflexión, y ayunar antes de empezar.",es,,,
693824399,prep_guidance_desc,"Dieta limpia, evitar ciertos alimentos como el ajo. No consumo de alcohol ni otras drogas. Preservar la vitalidad sexual.",es,,,
722959539,prep_guidance_desc,"Dieta, que contenido o medicamentos no consumir",mixed/other,,,
681285710,prep_guidance_desc,Dieta,en,,,
682732124,prep_guidance_desc,"Dietas. Limpiar cuerpo, meditaciones, abstinencias, sexo, alcohol, ect",es,,,
687142797,prep_guidance_desc,"ayuno, dieta de frutas y vegetales, desintoxicacion mental de las redes (esta no la segui)",es,,,
679248530,prep_guidance_desc,Diet. Fasting. Set intention. Reduce stress,en,,,
681995591,prep_guidance_desc,"Dieta, detos de medicamentos, meditacio",es,,,
682709107,prep_guidance_desc,Dieta,en,,,
704642720,self_prep_type,"Hydration; light, nutritious meals; meditation practice",en,,,
679375429,self_prep_type,21 dias previo de rezo intencionado,es,,,
679426014,self_prep_type,Práctica espiritual.,es,,,
680445687,self_prep_type,"lectura de literatura científica, ""trip reports"", filosofía",mixed/other,,,
682746009,self_prep_type,Baño sagrado,es,,,
687582076,self_prep_type,Dieta. Meditación.,es,,,
689896520,self_prep_type,Fortalecerme y visualizar el objetivo,es,,,
693987544,self_prep_type,Meditación,es,,,
705936933,self_prep_type,No salir el día antes y estar tranquilo en la casa,es,,,
716420979,self_prep_type,"Descansar, alimentarme varias horas antes de la ceremonia.",es,,,
719448539,self_prep_type,Ayuna,en,,,
679350122,self_prep_type,"Meditation, research, extra energy cleansing ceremonies",en,,,
679409818,self_prep_type,Ayunas,en,,,
680045633,self_prep_type,Meditacion y journaling,es,,,
680428180,self_prep_type,buscar informacion sobre el bufo,es,,,
682964369,self_prep_type,Atención plena en todo momento,es,,,
686049755,self_prep_type,me preparé emocionalmente,es,,,
692249548,self_prep_type,Un ayuno,es,,,
698703096,self_prep_type,Vi documentales y me eduque por otras fuentes sobre los efectos de la medicina.,es,,,
705487652,self_prep_type,Escribir,en,,,
710247668,self_prep_type,"Oraciòn, meditaciòn, activation angelical, reiki",mixed/other,,,
680323990,self_prep_type,MEDITACION,en,,,
693824399,self_prep_type,"Meditación, intención tener una semana sin ajetreos.",es,,,
679358840,self_prep_type,It was last minute but did a dieta best I could,en,,,
687417213,self_prep_type,Cambio de dieta,es,,,
682732124,self_prep_type,"Tomarlo por más tiempo, eliminar carnes, blanca y roja",es,,,
703416824,self_prep_type,"regular alimento, meditacion",en,,,
687142797,self_prep_type,"crear musica, meditacion, cantos en latin",es,,,
679248530,self_prep_type,"Breathwork, walking",en,,,
682709107,self_prep_type,Desconexion,en,,,
704642720,exp_highlight,"I've been grateful for the sense of community I felt at the two yoga/psilocybin ceremonies I have attended. The facilitators were gracious, trauma-informed, and respectful of the substance. They provided generous background information and created a safe container for self-exploration as well as community discussion.",en,,,
679209699,exp_highlight,El sentido de responsabilidad y la re conexión con mi ancestralidad.,es,,,
679214497,exp_highlight,"Cómo la experiencia está moldeada por mi estado mental de esas últimas semanas en tanto al tipo de pensamientos que surgen. También me sorprende cómo la música me saca o mete en la medicina y parece ser muy amable cuando la experiencia se pone un poco intensa: es como si cuando ya estoy demasiado incómoda, la música me ancla y me amaina la intensidad de ese momento.",es,,,
679235893,exp_highlight,"El proceso es horrible pero el resultado es maravilloso: mayor entendimiento, armonía interna, Paz…",es,,,
679375429,exp_highlight,El sostén sutil,es,,,
679426014,exp_highlight,Disminución en uso de alcohol y tabaco.,es,,,
680445687,exp_highlight,"la realización que existen niveles de conciencia no corporales donde existen estructuras concientes que interactúan con el munto material(egregores, arquetipos, inteligencia colectiva))",es,,,
687582076,exp_highlight,Me he sorprendido con la claridad mental y regulación emocional que he experimentado.,es,,,
689320856,exp_highlight,Positivamente en mi camino de sanación,es,,,
689896520,exp_highlight,Apenas atisbe el todo.,es,,,
691243333,exp_highlight,El respeto con el que se hace,es,,,
691283377,exp_highlight,La tranquilidad y paz luego de la ceremonia.,es,,,
693987544,exp_highlight,Puede abrir tu alma a pensamientos y acciones que antes estaban atascadas,es,,,
694829098,exp_highlight,Me ha ayudado a conectar con mi espiritualidad. Me ha ayudado a ver la vida de otra manera.,es,,,
696648940,exp_highlight,"Que me vi fuera de mi cuerpo mirándome, me dio mucha risa.",es,,,
702242349,exp_highlight,"Senti mucho amor, mi corazon sentia que se estaba expandiendo, senti toda la energia como grupo que nos unia ..",es,,,
705936933,exp_highlight,La ganancia en conocerce uno mismo y trabajar traumas. La nueva forma de ver la vida.,es,,,
708274628,exp_highlight,Conectar y trabajar con sanar espiritualmente y los ancestros,es,,,
715236021,exp_highlight,El ámbito espiritual y,es,,,
716420979,exp_highlight,"Agudización de los sentidos sensoriales, capacidad para detector campos electromagnéticos de otras personas, ""telepatía"" durante el evento con otros participants, sentir de que soy ""uno con el Tódo"".",es,,,
717022748,exp_highlight,Mejor Perspectiva,en,,,
718252993,exp_highlight,Cercanía a materia prima,es,,,
719448539,exp_highlight,"Que aunque fueran experiencias buenas o malas, salía mejor luego de ellas.",es,,,
723979836,exp_highlight,La paz despues de le experiencing,es,,,
679213106,exp_highlight,Las visiones,es,,,
679350122,exp_highlight,"Deep profound connection with the ok at, the nature, and the concept of thematic and other dimensions this plant can teach you about",en,,,
679409818,exp_highlight,La expansion de conciencia,es,,,
680045633,exp_highlight,Recordar la magia de la vida,mixed/other,,,
680221795,exp_highlight,El efecto de la purga,es,,,
680428180,exp_highlight,Ha sido un proceso bien intenso pero magico. He podido conectar conmigo misma y con mi pareja de una forma nueva y profunda.,es,,,
681102447,exp_highlight,"Me ha ayudado a poder aceptar la realidad de una manera que me permite acercarme a las situaciones difíciles del día a día con más serenidad. Cada ceremonia me deja un “aftershock” que dura unas cuantas semanas, donde te sientes en bienestar y listo para afrontar lo que sea que te aparezca en el camino, con la confianza de que no será un obstáculo.",es,,,
682318571,exp_highlight,"Ha mejorado mi vida y en especial mi camino espiritual, sanado traumas, perdonando, etc",es,,,
682964369,exp_highlight,Sané de depresion persistente (que me duró 23 años) tras la primera toma de ayahuasca con un chamán en particular. El Camino Rojo ha sido de gran bendición para mí. Recurro al mismo para tomar decisiones importantes.,es,,,
682980792,exp_highlight,Cambio de perspectivas sobre el sentido de la vida,es,,,
686049755,exp_highlight,me ayudo tener una diferente perspectiva en la vida,es,,,
692249548,exp_highlight,El efecto en las personas y las consecuencias en uno,es,,,
698703096,exp_highlight,Siento que me ayudó a superar miedos sobre ser suficiente o sobre cometer errores.,es,,,
702658111,exp_highlight,Mas seguridad y claridad en mi y la vida,es,,,
705487652,exp_highlight,"Depende de la medicina, pero mayormente consumo para apoyarme en momentos dificiles en mi vida. Me ayudan a filtrar el ruido y luego de las ceremonias (y luego de un rato para integrarlas) tiendo a tomar mejores decisiones y estar mas clare sobre mi camino.",es,,,
710247668,exp_highlight,Complementaciòn con la naturaleza y mi biología y espiritu,es,,,
774707664,exp_highlight,Es un encuentro personal. Son muchos años de terapia en una sola seción.,es,,,
680323990,exp_highlight,"LOS SALTOS DE CONCIENCIA. EL MEJORAMIENTO DE MIS RELACIONES INTERPERSONALES, LA ALZA DE MI AUTOESTIMA Y SEGURIDAD. MI EXPANSION ESPIRITUAL",en,,,
681454197,exp_highlight,"Que tenemos la medicina adentro de nosotros, que el amor nos salva, que todos podemos contribuir de alguna forma, que en comunidad nos salvamos",es,,,
688433316,exp_highlight,"Me ha ayudado a tener más amor por mi mismo. Amor por lo demas. En momentos me ha dado ansiedad, pero a la vez me a ayudado a entender cuales cosas me causan esas ansiedad y que debo trabajarlas. No siempre me da algo para reflejar, a veces es para liberar alguna ansiedad o disfrutar mi propia presencia en este estado.",es,,,
693824399,exp_highlight,Tener mayor claridad mental/personal y contestar espiritualmente con Dios/Cristo y la madre María,es,,,
719732716,exp_highlight,Como puedes cambiar por completa,es,,,
721231031,exp_highlight,Es una comunidad bien respetuosa,es,,,
722959539,exp_highlight,"Nuevas perspectivas, Epifanías existenciales",es,,,
679358840,exp_highlight,The deeply personal and healing nature of the medicines,en,,,
687417213,exp_highlight,"Salirme del default mode y ver el mundo, mis relaciones y a mi mismo de manera no habituales. Perspectivas frescas. Sentido de identidad más real.",es,,,
712619900,exp_highlight,"Mi experiencia es de dos retiros en PR, un retiro de fin de semana con tres tomas en días consecutivos de Ayahuasca, luego otro retiro de dos días con una toma.  Tres años yendo a retiros de 10 días en Munay Perú de cinco tomas.  Con los honguitos recientemente he hecho tomas dos veces en PR. La experiencia ha sido progresiva, ir entendiendo el proceso de limpieza corporal, espiritual y de alineamiento.  Trabajar las sombras y la luz. Todo muy intenso pero revelador, liberador y sanador.  Mucho que decir.",es,,,
681285710,exp_highlight,"Antes de ceremonia me encontraba en una depresión severa y ansiedad, durante la ceremonia comencé a sentirme en paz, con claridad y totalmente presente. Comencé a tener claridad y a sentir conexión espiritual profunda.",es,,,
682732124,exp_highlight,"El crecimiento espiritual es increíble, la introspección el ir a dentro de nuestros corazones lo cambia todo.",es,,,
703416824,exp_highlight,"le cambia la percepcion, color de rosa digamos",es,,,
687142797,exp_highlight,La liberacion de la presion social e interna,es,,,
679248530,exp_highlight,Transformational.. Oneness connection with source creator,en,,,
681995591,exp_highlight,Estar mas en el momento,es,,,
682709107,exp_highlight,Me han cambiado la vida y mi caminar en ella. Soy mejor persona y continuo mejorando.,es,,,
704642720,opinion_safe,Ensuring that the facilitators are trauma-informed and prepared for integration work with practitioners after ceremonies.,en,,,
679209699,opinion_safe,"La narrativa ante estos espacios, la perturba, transparencia y educación respecto a estas prácticas.",es,,,
679214497,opinion_safe,Que los facilitadores sean profesionales de la salud mental.,es,,,
679235893,opinion_safe,Todas mis experiencias han sido satisfacctorias,es,,,
679375429,opinion_safe,"Leyes, regulación o legislación donde permita y reconozca la sutileza en la importancia del acto sutil de la madre tierra",es,,,
679426014,opinion_safe,"Medicalizacion, eventualmente legalización.",es,,,
680445687,opinion_safe,educación científica y prácticas chamánicas,es,,,
682746009,opinion_safe,Tener buen claro que personas con problemas de salud mental no deberian de participar ypersona con problemas de salud serio con un realese del su medico,es,,,
687582076,opinion_safe,"Entiendo que las personas encargadas deberían tener un backrouncheck, y algo de conocimiento en ""trauma informed practices"" y acompañamiento psicológico.",es,,,
689320856,opinion_safe,Más accesible económicamente,es,,,
689896520,opinion_safe,Honestidad en ambas partes.,es,,,
691243333,opinion_safe,La preparación de los guías,es,,,
691283377,opinion_safe,Que sean legales. Que haya personal de salud en la ceremonia. Que seas más accesible económicamente.,es,,,
693987544,opinion_safe,"Consumo consciente , saber de dónde proviene lo que están consumiendl",es,,,
694829098,opinion_safe,Quiza tener la asistencia de algun enfermo por si hay alguna reaccion adversa a,es,,,
696648940,opinion_safe,No conozco sobre otras ceremonias,es,,,
702242349,opinion_safe,Educarnos mas sobre el tema.,es,,,
705936933,opinion_safe,La educación de quien la ofrezca y proveer espacios seguros.,es,,,
708274628,opinion_safe,ser mas Selectivos con el grupo De asistentes y que apoyan,es,,,
716420979,opinion_safe,"Mayor educación sobre el proceso, aminorar elnestigma que el consumo de enteógenos conlleva.",es,,,
717022748,opinion_safe,Mas accesible y menos taboo,es,,,
718252993,opinion_safe,Nada,en,,,
719448539,opinion_safe,Que se vieran más legítimas.,es,,,
723979836,opinion_safe,La legalization de ellos,mixed/other,,,
679409818,opinion_safe,Legalización con reglamento estrictos,es,,,
680045633,opinion_safe,Mejor educación para quienes no conocen de estas medicinas,es,,,
680221795,opinion_safe,Mayor informacion sobre beneficios,es,,,
680428180,opinion_safe,Lugares establecidos para hacer las ceremonias. Facilitadores que tienen entrenamiento para manejar un crisis de salud mental,es,,,
681102447,opinion_safe,La legalización de los mismos.,es,,,
682318571,opinion_safe,Que sean legales en Puerto Rico,es,,,
682964369,opinion_safe,"La legalización. De otra manera, sería casi imposible regularlas.",es,,,
682980792,opinion_safe,Que sean personas con experiancia y preparadas los facilatadores.,es,,,
686049755,opinion_safe,que no sean oculto y que sean aceptados por el público,es,,,
692249548,opinion_safe,Debe ser supervisado,en,,,
698703096,opinion_safe,La educación sin tabúes sobre las medicinas.,es,,,
702658111,opinion_safe,Que sean para todo em pueblo,es,,,
705487652,opinion_safe,"Algunes ""líderes"" mezclan m3dicina pero a veces anuncian que es ceremonia de solo una medicina (por ejemplo, dicen ceremonia de ayahuasca pero le añaden tabaco o peyote a la ceremonia). He escuchado de personas que se sienten presionadas a participar de todas aunque no necesariamente lo desean. También hay personas haciendo ceremonia que no tienen las capacidades y entrenamientos para el cuidado / contenedor importante que deben crear como lider.",es,,,
710247668,opinion_safe,Responsabilidad del facilitador,es,,,
774707664,opinion_safe,Legalizacion,en,,,
680323990,opinion_safe,"LA VALIDACIÓN LEGAL, MEDICA Y CIENTIFICA EN LA ISLA. EL RECOCIMIENTO DE LAS POTENCIALIDADES DE LA MEDICINA ORIGINARIA Y ANCESTRAL.",en,,,
681454197,opinion_safe,No se,es,,,
688433316,opinion_safe,Lo ideal es escoger al facilitador correcto. No todos tienen esa habilidad.,es,,,
693824399,opinion_safe,Conocer el trasfondo e intenciones del practicante. Hacerlo conscientemente.,es,,,
719732716,opinion_safe,Más educación,es,,,
679358840,opinion_safe,Legality and better reference system,en,,,
687417213,opinion_safe,Educación educación educación. Y preparación apropiada para las personas que las vayan a tomar.,es,,,
712619900,opinion_safe,"Tengo la bendición y gracia de coincidir con un maestro que lleva más de 20 años trabajando con la medicina, persona integra, con su linaje y su maestro.  Entiendo que para alcanzar el grado de facilitador conlleva años de práctica bajo la guía de un maestro probado. Para hacerlo seguro en PR no se trata de libros sino de linaje.",es,,,
681285710,opinion_safe,"Educación a todos, público en general, participantes, facilitadores",es,,,
682732124,opinion_safe,"Muchos de los facilitadores a donde voy llevan trayectoria de muchos años incluyendo retiros de preparación en la selva amazónica, ya vienen con la experiencia necesaria para manejar grupos y la gente lo que deben hacer es abrirse a conocer información, no siempre todo es como lo pintan.",es,,,
703416824,opinion_safe,ninguna opinion,en,,,
687142797,opinion_safe,"La legalidad, investigaciones si estos grupos (mi ceromonia fue personal) son eticos y no conyevan un riesgo a las personas, el uso de sustancias no alterantes como drogas de la calle",es,,,
679248530,opinion_safe,Wellness day or days to prepare participants with greater mental clarity to help go deeper in ceremonies,en,,,
681995591,opinion_safe,Leyes,en,,,
682709107,opinion_safe,Legalización,es,,,
679214497,additional_info,"Me gustaría que el uso de los enteogenos fuera responsable, ético y teniendo en cuenta que se usan tomando permiso, no de manera extractivista. Sería conveniente que se legalizaran, si hicieran más estudios sobre sus beneficios (que ya los hay) y se implementaran como heraamientas terapéuticas controladas y asistidas por chamanes y profesionales de la salud capacitados para ello (en colaboración).",es,,,
680445687,additional_info,"Quisiera traer reconocimiento a mi amigo Alberto ""Muni"" Valls por haber creado un espacio de sanación en su casa, ayudó a muchos hasta el dia de su fallecimiento. Presenciar su muerte fue una lección de vida muy grande, ver su actitud positiva mientras luchaba con el cancer me hizo entender el verdadero significado  detras de ""la soga del muerto"". Gracias Muni y todos los chamanes que facilitan la medicina a las personas necesitadas de sanación. El poder que tienen las plantas maestras para educar al ser humano debe ser patrimonio de la humanidad.",es,,,
689896520,additional_info,Es una alternativa para conocer mejor eñ camino,es,,,
693987544,additional_info,Apoyo firmemente la descriminalización de los enteógenos y poder abrir camino a su uso positivo y sanador en la psicología y la vida cotidiana,es,,,
694829098,additional_info,Se deberia exhortar a las personas a visitar a un psicólogo o terapeuta pq la medicina solo te muestra lo q tienes q trabajar. Veo muchas personas que hacen muchas tomas y no trabajan esos traumas,es,,,
716420979,additional_info,"Al principio fui guiado, al final fui guía. En el proceso vi cómo cambiaban las actitudes de los participantes. En todos los casos, incluyendo el mío, las ceremonias nos abrió la perspectiva sobre nuestras vidas, el mundo y las personas que nos rodean.  Tenemos una perspectiva más positive sobre nuestras vidas y yo no sería la persona que soy hoy si no fuera por ellas.",es,,,
682964369,additional_info,"He presenciado varios eventos psicóticos en tomas de ayahuasca. Nada serio, pero tienden a ser las mismas personas. Las ceremonias deben usarse como repaso del trabajo espiritual/emocional realizado cada día.",es,,,
710247668,additional_info,El facilitator debe ser recomendado y debe sentirse còmodo con el grupo la dieta es importante sin preparation se la pasan mal algunos participantes. A mo me llaman al dia siguiente o varios despues para preguntar por la experiencia. Eso importa.,es,,,
681285710,additional_info,No todas las personas están preparadas para las ceremonias y las prácticas ancestrales,es,,,
682732124,additional_info,Puede ayudar a conectar con tu yo interior. Abre un amino universal mediante el cuerpo de uno. Los pensamientos se vuelven más claros después de haber tomado medicina ancestral,es,,,
687142797,additional_info,"Mis ceremonias conyevan la divina intoxicacion la cual se practicaba por los griegos duran las fiestas al Dios Dionisio, como mencione esto es para liberar la presion de cada dia, son cada luna llena especialmente durante signos de fuegos en terminos de fidelidad estelar. Solo participo yo, ya que no todo el mundo en mi area practica estas ceremonias, las de ellos son menos eticas y mas violentas. Las mias son fieles al concepto de la liberacion y expresion del alma, mente, corazon y cuerpo.",es,,,
682709107,additional_info,"Legal o no legal, esto es NECESARIO y cada ser viviente debe darse la oportunidad, aunque sea una sola vez en la vida, debe exponerse a una experiencia similar.",es,,,
